board,rank,net,pred_cost
ACtoDCconverter.kicad_pcb,0,GND,46.77547073364258
ACtoDCconverter.kicad_pcb,1,/+VE,39.742610931396484
ACtoDCconverter.kicad_pcb,2,Net-(D3-A,38.08414077758789
ACtoDCconverter.kicad_pcb,3,Net-(D1-A,28.80912208557129
ACtoDCconverter.kicad_pcb,4,Net-(D5-A,12.842094421386719
base-IO-8HP-teensy.kicad_pcb,0,Net-(U1-Pad9,0.878654420375824
base-IO-8HP-teensy.kicad_pcb,1,Net-(J1-Pad30,0.1848239302635193
base-IO-8HP-teensy.kicad_pcb,2,Net-(J2-Pad24,0.6530894637107849
base-IO-8HP-teensy.kicad_pcb,3,+5V,155.7958221435547
base-IO-8HP-teensy.kicad_pcb,4,Net-(D2-Pad1,15.138387680053711
base-IO-8HP-teensy.kicad_pcb,5,GND,291.7912292480469
base-IO-8HP-teensy.kicad_pcb,6,Net-(J1-Pad33,0.0772056058049202
base-IO-8HP-teensy.kicad_pcb,7,Net-(U1-Pad36,0.9468888640403748
base-IO-8HP-teensy.kicad_pcb,8,Net-(D3-Pad1,26.134296417236328
base-IO-8HP-teensy.kicad_pcb,9,Net-(U1-Pad23,0.8877868056297302
base-IO-8HP-teensy.kicad_pcb,10,Net-(U1-Pad11,0.900392472743988
base-IO-8HP-teensy.kicad_pcb,11,+3V3,125.64149475097656
base-IO-8HP-teensy.kicad_pcb,12,Net-(J2-Pad23,0.7672328352928162
base-IO-8HP-teensy.kicad_pcb,13,Net-(J2-Pad14,0.8427590727806091
base-IO-8HP-teensy.kicad_pcb,14,Net-(U1-Pad42,0.9072522521018982
base-IO-8HP-teensy.kicad_pcb,15,Net-(U1-Pad47,0.8591784834861755
base-IO-8HP-teensy.kicad_pcb,16,Net-(U1-Pad46,0.9306592345237732
base-IO-8HP-teensy.kicad_pcb,17,Net-(J1-Pad8,0.8155936598777771
base-IO-8HP-teensy.kicad_pcb,18,Net-(D1-Pad1,15.85601806640625
base-IO-8HP-teensy.kicad_pcb,19,Net-(U1-Pad37,0.9338492751121521
base-IO-8HP-teensy.kicad_pcb,20,Net-(U1-Pad14,0.9023827910423279
base-IO-8HP-teensy.kicad_pcb,21,Net-(D1-Pad2,16.833303451538086
base-IO-8HP-teensy.kicad_pcb,22,Net-(J2-Pad16,0.8705005049705505
base-IO-8HP-teensy.kicad_pcb,23,Net-(U1-Pad16,0.8823451399803162
base-IO-8HP-teensy.kicad_pcb,24,Net-(J2-Pad7,0.8608292937278748
base-IO-8HP-teensy.kicad_pcb,25,Net-(U1-Pad7,0.8698329329490662
base-IO-8HP-teensy.kicad_pcb,26,Net-(J1-Pad26,0.25535768270492554
base-IO-8HP-teensy.kicad_pcb,27,Net-(J1-Pad10,0.8185710310935974
base-IO-8HP-teensy.kicad_pcb,28,Net-(J2-Pad8,0.8487595915794373
base-IO-8HP-teensy.kicad_pcb,29,Net-(D3-Pad2,15.638004302978516
base-IO-8HP-teensy.kicad_pcb,30,Net-(J2-Pad18,0.9197215437889099
base-IO-8HP-teensy.kicad_pcb,31,Net-(J1-Pad11,0.814480721950531
base-IO-8HP-teensy.kicad_pcb,32,Net-(U1-Pad44,0.9137553572654724
base-IO-8HP-teensy.kicad_pcb,33,Net-(U1-Pad3,0.8727626204490662
base-IO-8HP-teensy.kicad_pcb,34,Net-(J1-Pad29,0.19832414388656616
base-IO-8HP-teensy.kicad_pcb,35,Net-(U1-Pad17,0.8926352858543396
base-IO-8HP-teensy.kicad_pcb,36,Net-(J1-Pad37,-0.17300039529800415
base-IO-8HP-teensy.kicad_pcb,37,Net-(D2-Pad2,16.417598724365234
base-IO-8HP-teensy.kicad_pcb,38,Net-(J1-Pad28,0.21446412801742554
base-IO-8HP-teensy.kicad_pcb,39,Net-(U1-Pad33,0.7994593977928162
base-IO-8HP-teensy.kicad_pcb,40,Net-(U1-Pad24,0.8771790862083435
base-IO-8HP-teensy.kicad_pcb,41,Net-(U1-Pad30,0.4955691695213318
base-IO-8HP-teensy.kicad_pcb,42,Net-(U1-Pad49,0.8942908644676208
base-IO-8HP-teensy.kicad_pcb,43,Net-(J1-Pad21,0.961204469203949
base-IO-8HP-teensy.kicad_pcb,44,Net-(J2-Pad15,0.8542689681053162
base-IO-8HP-teensy.kicad_pcb,45,Net-(U1-Pad10,0.9048528075218201
base-IO-8HP-teensy.kicad_pcb,46,Net-(J2-Pad21,0.9579514861106873
base-IO-8HP-teensy.kicad_pcb,47,-12VA,50.14816665649414
base-IO-8HP-teensy.kicad_pcb,48,Net-(J2-Pad30,0.1447867751121521
base-IO-8HP-teensy.kicad_pcb,49,Net-(U1-Pad48,0.8749255537986755
base-IO-8HP-teensy.kicad_pcb,50,Net-(J1-Pad34,0.03191465884447098
base-IO-8HP-teensy.kicad_pcb,51,Net-(U1-Pad41,0.9077510237693787
base-IO-8HP-teensy.kicad_pcb,52,Net-(J1-Pad23,0.767784059047699
base-IO-8HP-teensy.kicad_pcb,53,Net-(U1-Pad12,0.8985061049461365
base-IO-8HP-teensy.kicad_pcb,54,Net-(U1-Pad45,0.9208621382713318
base-IO-8HP-teensy.kicad_pcb,55,Net-(J1-Pad9,0.8256863951683044
base-IO-8HP-teensy.kicad_pcb,56,Net-(U1-Pad40,0.9107541441917419
base-IO-8HP-teensy.kicad_pcb,57,Net-(U1-Pad22,0.8817052245140076
base-IO-8HP-teensy.kicad_pcb,58,+12VA,25.859352111816406
base-IO-8HP-teensy.kicad_pcb,59,Net-(J1-Pad20,0.9570407271385193
base-IO-8HP-teensy.kicad_pcb,60,Net-(U1-Pad50,0.7919721007347107
base-IO-8HP-teensy.kicad_pcb,61,Net-(J2-Pad6,0.8756951689720154
base-IO-8HP-teensy.kicad_pcb,62,Net-(J2-Pad31,0.13445371389389038
base-IO-8HP-teensy.kicad_pcb,63,Net-(J2-Pad25,0.49829477071762085
base-IO-8HP-teensy.kicad_pcb,64,Net-(J2-Pad20,0.9537495970726013
base-IO-8HP-teensy.kicad_pcb,65,Net-(J1-Pad32,0.1242951825261116
base-IO-8HP-teensy.kicad_pcb,66,Net-(U1-Pad38,0.9236850142478943
base-IO-8HP-teensy.kicad_pcb,67,Net-(U1-Pad2,0.8779467940330505
base-IO-8HP-teensy.kicad_pcb,68,Net-(U1-Pad8,0.8883418440818787
base-IO-8HP-teensy.kicad_pcb,69,Net-(J1-Pad16,0.8464755415916443
base-IO-8HP-teensy.kicad_pcb,70,Net-(U1-Pad6,0.8562392592430115
base-IO-8HP-teensy.kicad_pcb,71,Net-(J1-Pad24,0.5257262587547302
base-IO-8HP-teensy.kicad_pcb,72,Net-(J2-Pad37,-0.13140016794204712
base-IO-8HP-teensy.kicad_pcb,73,Net-(U1-Pad18,0.8746404051780701
base-IO-8HP-teensy.kicad_pcb,74,Net-(U1-Pad21,0.8797768950462341
base-IO-8HP-teensy.kicad_pcb,75,Net-(J1-Pad19,0.9220427870750427
base-IO-8HP-teensy.kicad_pcb,76,Net-(J1-Pad38,-0.2583008408546448
base-IO-8HP-teensy.kicad_pcb,77,Net-(J2-Pad34,0.035719819366931915
base-IO-8HP-teensy.kicad_pcb,78,Net-(J2-Pad13,0.8352603316307068
base-IO-8HP-teensy.kicad_pcb,79,Net-(U1-Pad35,0.9632634520530701
base-IO-8HP-teensy.kicad_pcb,80,Net-(J1-Pad15,0.8321008086204529
base-IO-8HP-teensy.kicad_pcb,81,Net-(J2-Pad12,0.8315123915672302
base-IO-8HP-teensy.kicad_pcb,82,Net-(J1-Pad6,0.8109845519065857
base-IO-8HP-teensy.kicad_pcb,83,Net-(U1-Pad31,0.8175210356712341
base-IO-8HP-teensy.kicad_pcb,84,Net-(J1-Pad25,0.2804374098777771
base-IO-8HP-teensy.kicad_pcb,85,Net-(J2-Pad9,0.8399390578269958
base-IO-8HP-teensy.kicad_pcb,86,Net-(J1-Pad13,0.8160895705223083
base-IO-8HP-teensy.kicad_pcb,87,Net-(J2-Pad27,0.19042199850082397
base-IO-8HP-teensy.kicad_pcb,88,Net-(U1-Pad34,0.7757024168968201
base-IO-8HP-teensy.kicad_pcb,89,Net-(J2-Pad19,0.9521531462669373
base-IO-8HP-teensy.kicad_pcb,90,Net-(U1-Pad4,0.8717307448387146
base-IO-8HP-teensy.kicad_pcb,91,Net-(J1-Pad14,0.8220910429954529
base-IO-8HP-teensy.kicad_pcb,92,Net-(U1-Pad13,0.8991793990135193
base-IO-8HP-teensy.kicad_pcb,93,Net-(J2-Pad36,-0.08828740566968918
base-IO-8HP-teensy.kicad_pcb,94,Net-(J1-Pad18,0.8918055891990662
base-IO-8HP-teensy.kicad_pcb,95,Net-(J1-Pad31,0.13372033834457397
base-IO-8HP-teensy.kicad_pcb,96,Net-(J2-Pad29,0.15744012594223022
base-IO-8HP-teensy.kicad_pcb,97,Net-(J1-Pad17,0.8662719130516052
base-IO-8HP-teensy.kicad_pcb,98,Net-(U1-Pad19,0.8620290160179138
base-IO-8HP-teensy.kicad_pcb,99,Net-(J1-Pad27,0.23342889547348022
base-IO-8HP-teensy.kicad_pcb,100,Net-(U1-Pad5,0.8754538893699646
base-IO-8HP-teensy.kicad_pcb,101,Net-(U1-Pad20,0.8554629683494568
base-IO-8HP-teensy.kicad_pcb,102,Net-(J2-Pad33,0.08020014315843582
base-IO-8HP-teensy.kicad_pcb,103,Net-(J1-Pad35,-0.049993567168712616
base-IO-8HP-teensy.kicad_pcb,104,Net-(J1-Pad7,0.8263015151023865
base-IO-8HP-teensy.kicad_pcb,105,Net-(J2-Pad28,0.1726035475730896
base-IO-8HP-teensy.kicad_pcb,106,Net-(J2-Pad32,0.12630075216293335
base-IO-8HP-teensy.kicad_pcb,107,Net-(J2-Pad11,0.8310765624046326
base-IO-8HP-teensy.kicad_pcb,108,Net-(J2-Pad17,0.8922795653343201
base-IO-8HP-teensy.kicad_pcb,109,Net-(J1-Pad12,0.8136081099510193
base-IO-8HP-teensy.kicad_pcb,110,Net-(J2-Pad35,-0.0075722262263298035
base-IO-8HP-teensy.kicad_pcb,111,Net-(U1-Pad32,0.8261527419090271
base-IO-8HP-teensy.kicad_pcb,112,Net-(J2-Pad38,-0.21435552835464478
base-IO-8HP-teensy.kicad_pcb,113,Net-(J2-Pad10,0.8340091109275818
base-IO-8HP-teensy.kicad_pcb,114,Net-(J2-Pad26,0.3447265028953552
base-IO-8HP-teensy.kicad_pcb,115,Net-(J1-Pad36,-0.09313588589429855
base-IO-8HP-teensy.kicad_pcb,116,Net-(U1-Pad43,0.9092282652854919
boostboard1.kicad_pcb,0,/GND,29.379566192626953
boostboard1.kicad_pcb,1,/VCC,27.726537704467773
boostboard1.kicad_pcb,2,/VBATT,18.41509246826172
boostboard1.kicad_pcb,3,/FB,13.527925491333008
boostboard1.kicad_pcb,4,/EN,12.778463363647461
boostboard1.kicad_pcb,5,/LX,12.382368087768555
boostboard1.kicad_pcb,6,Net-(D1-PadC,11.915059089660645
boostboard1.kicad_pcb,7,Net-(JP1-Pad1,11.66115951538086
boostboard1.kicad_pcb,8,/RSET,9.661542892456055
Chipkit_Shield_uC.kicad_pcb,0,/RG6,60.29619216918945
Chipkit_Shield_uC.kicad_pcb,1,/GND,97.32780456542969
CubeSatKit_StackBoard.kicad_pcb,0,Net-(H2-Pad52,-1.9687824249267578
CubeSatKit_StackBoard.kicad_pcb,1,Net-(H2-Pad51,-1.9695415496826172
CubeSatKit_StackBoard.kicad_pcb,2,Net-(H2-Pad3,-2.01754093170166
CubeSatKit_StackBoard.kicad_pcb,3,Net-(H2-Pad5,-2.0350608825683594
CubeSatKit_StackBoard.kicad_pcb,4,Net-(H1-Pad37,-2.111186981201172
CubeSatKit_StackBoard.kicad_pcb,5,Net-(H2-Pad46,-2.0630130767822266
CubeSatKit_StackBoard.kicad_pcb,6,Net-(H2-Pad47,-2.0353879928588867
CubeSatKit_StackBoard.kicad_pcb,7,Net-(H2-Pad2,-1.9935054779052734
CubeSatKit_StackBoard.kicad_pcb,8,Net-(H2-Pad44,-2.088329315185547
CubeSatKit_StackBoard.kicad_pcb,9,Net-(H1-Pad49,-1.9967422485351562
CubeSatKit_StackBoard.kicad_pcb,10,Net-(H2-Pad30,-2.179464340209961
CubeSatKit_StackBoard.kicad_pcb,11,Net-(H1-Pad52,-1.9704360961914062
CubeSatKit_StackBoard.kicad_pcb,12,Net-(H1-Pad1,-1.986159324645996
CubeSatKit_StackBoard.kicad_pcb,13,Net-(H2-Pad49,-2.003978729248047
CubeSatKit_StackBoard.kicad_pcb,14,Net-(H1-Pad51,-1.9711999893188477
CubeSatKit_StackBoard.kicad_pcb,15,Net-(H1-Pad15,-2.153092384338379
CubeSatKit_StackBoard.kicad_pcb,16,Net-(H2-Pad6,-2.034322738647461
CubeSatKit_StackBoard.kicad_pcb,17,Net-(H2-Pad7,-2.045583724975586
CubeSatKit_StackBoard.kicad_pcb,18,Net-(H1-Pad2,-1.9853763580322266
CubeSatKit_StackBoard.kicad_pcb,19,Net-(H1-Pad7,-2.0760421752929688
CubeSatKit_StackBoard.kicad_pcb,20,Net-(H2-Pad48,-2.0346317291259766
CubeSatKit_StackBoard.kicad_pcb,21,Net-(H2-Pad14,-2.0989646911621094
CubeSatKit_StackBoard.kicad_pcb,22,Net-(H1-Pad11,-2.1207151412963867
CubeSatKit_StackBoard.kicad_pcb,23,Net-(H2-Pad25,-2.178569793701172
CubeSatKit_StackBoard.kicad_pcb,24,Net-(H2-Pad50,-2.003209114074707
CubeSatKit_StackBoard.kicad_pcb,25,Net-(H2-Pad45,-2.063779830932617
CubeSatKit_StackBoard.kicad_pcb,26,Net-(H2-Pad31,-2.176426887512207
CubeSatKit_StackBoard.kicad_pcb,27,Net-(H2-Pad1,-1.9942741394042969
CubeSatKit_StackBoard.kicad_pcb,28,Net-(H1-Pad47,-2.0165910720825195
CubeSatKit_StackBoard.kicad_pcb,29,Net-(H1-Pad25,-2.1802139282226562
CubeSatKit_StackBoard.kicad_pcb,30,Net-(H1-Pad4,-2.0183563232421875
CubeSatKit_StackBoard.kicad_pcb,31,Net-(H1-Pad43,-2.0351486206054688
CubeSatKit_StackBoard.kicad_pcb,32,Net-(H1-Pad21,-2.1785879135131836
CubeSatKit_StackBoard.kicad_pcb,33,Net-(H2-Pad12,-2.075058937072754
CubeSatKit_StackBoard.kicad_pcb,34,Net-(H2-Pad9,-2.048872947692871
CubeSatKit_StackBoard.kicad_pcb,35,Net-(H1-Pad5,-2.049102783203125
CubeSatKit_StackBoard.kicad_pcb,36,Net-(H1-Pad45,-2.029451370239258
CubeSatKit_StackBoard.kicad_pcb,37,Net-(H1-Pad8,-2.075258255004883
CubeSatKit_StackBoard.kicad_pcb,38,Net-(H2-Pad20,-2.1522254943847656
CubeSatKit_StackBoard.kicad_pcb,39,Net-(H1-Pad36,-2.129606246948242
CubeSatKit_StackBoard.kicad_pcb,40,Net-(H1-Pad30,-2.1687450408935547
CubeSatKit_StackBoard.kicad_pcb,41,Net-(H2-Pad18,-2.137533187866211
CubeSatKit_StackBoard.kicad_pcb,42,Net-(H1-Pad10,-2.099127769470215
CubeSatKit_StackBoard.kicad_pcb,43,Net-(H2-Pad10,-2.048095703125
CubeSatKit_StackBoard.kicad_pcb,44,Net-(H1-Pad44,-2.0343847274780273
CubeSatKit_StackBoard.kicad_pcb,45,Net-(H1-Pad50,-1.9959716796875
CubeSatKit_StackBoard.kicad_pcb,46,Net-(H1-Pad13,-2.1384382247924805
CubeSatKit_StackBoard.kicad_pcb,47,Net-(H1-Pad16,-2.152334213256836
CubeSatKit_StackBoard.kicad_pcb,48,Net-(H1-Pad42,-2.0627994537353516
CubeSatKit_StackBoard.kicad_pcb,49,Net-(H1-Pad33,-2.1464900970458984
CubeSatKit_StackBoard.kicad_pcb,50,Net-(H1-Pad40,-2.088136672973633
CubeSatKit_StackBoard.kicad_pcb,51,Net-(H2-Pad37,-2.146613121032715
CubeSatKit_StackBoard.kicad_pcb,52,Net-(H2-Pad11,-2.0758323669433594
CubeSatKit_StackBoard.kicad_pcb,53,Net-(H1-Pad28,-2.1756372451782227
CubeSatKit_StackBoard.kicad_pcb,54,Net-(H1-Pad46,-2.028707504272461
CubeSatKit_StackBoard.kicad_pcb,55,Net-(H2-Pad42,-2.110553741455078
CubeSatKit_StackBoard.kicad_pcb,56,Net-(H2-Pad4,-2.0167694091796875
CubeSatKit_StackBoard.kicad_pcb,57,Net-(H1-Pad3,-2.0191192626953125
CubeSatKit_StackBoard.kicad_pcb,58,Net-(H2-Pad39,-2.1305007934570312
CubeSatKit_StackBoard.kicad_pcb,59,Net-(H1-Pad14,-2.137669563293457
CubeSatKit_StackBoard.kicad_pcb,60,Net-(H1-Pad6,-2.048344612121582
CubeSatKit_StackBoard.kicad_pcb,61,Net-(H2-Pad36,-2.1588592529296875
CubeSatKit_StackBoard.kicad_pcb,62,Net-(H1-Pad9,-2.0999088287353516
CubeSatKit_StackBoard.kicad_pcb,63,Net-(H2-Pad17,-2.138303756713867
CubeSatKit_StackBoard.kicad_pcb,64,Net-(H1-Pad27,-2.1763906478881836
CubeSatKit_StackBoard.kicad_pcb,65,Net-(H2-Pad13,-2.099728584289551
CubeSatKit_StackBoard.kicad_pcb,66,Net-(H2-Pad19,-2.1529855728149414
CubeSatKit_StackBoard.kicad_pcb,67,Net-(H1-Pad48,-2.015840530395508
CubeSatKit_StackBoard.kicad_pcb,68,Net-(H1-Pad20,-2.1724109649658203
CubeSatKit_StackBoard.kicad_pcb,69,Net-(H2-Pad34,-2.168818473815918
CubeSatKit_StackBoard.kicad_pcb,70,Net-(H1-Pad24,-2.180187225341797
CubeSatKit_StackBoard.kicad_pcb,71,Net-(H1-Pad34,-2.145740509033203
CubeSatKit_StackBoard.kicad_pcb,72,Net-(H2-Pad21,-2.164579391479492
CubeSatKit_StackBoard.kicad_pcb,73,Net-(H2-Pad8,-2.0448074340820312
CubeSatKit_StackBoard.kicad_pcb,74,Net-(H1-Pad38,-2.110396385192871
CubeSatKit_StackBoard.kicad_pcb,75,Net-(H1-Pad41,-2.063568115234375
CubeSatKit_StackBoard.kicad_pcb,76,Net-(H2-Pad16,-2.119791030883789
CubeSatKit_StackBoard.kicad_pcb,77,Net-(H1-Pad12,-2.119955062866211
CubeSatKit_StackBoard.kicad_pcb,78,Net-(H2-Pad15,-2.1205549240112305
CubeSatKit_StackBoard.kicad_pcb,79,Net-(H1-Pad29,-2.1695079803466797
CubeSatKit_StackBoard.kicad_pcb,80,Net-(H2-Pad32,-2.1756820678710938
CubeSatKit_StackBoard.kicad_pcb,81,Net-(H1-Pad31,-2.1595382690429688
CubeSatKit_StackBoard.kicad_pcb,82,Net-(H1-Pad17,-2.1646738052368164
CubeSatKit_StackBoard.kicad_pcb,83,Net-(H1-Pad26,-2.179431915283203
CubeSatKit_StackBoard.kicad_pcb,84,Net-(H2-Pad41,-2.111330986022949
CubeSatKit_StackBoard.kicad_pcb,85,Net-(H2-Pad28,-2.1801719665527344
CubeSatKit_StackBoard.kicad_pcb,86,Net-(H2-Pad26,-2.1778030395507812
CubeSatKit_StackBoard.kicad_pcb,87,Net-(H2-Pad22,-2.163823127746582
CubeSatKit_StackBoard.kicad_pcb,88,Net-(H1-Pad23,-2.180950164794922
CubeSatKit_StackBoard.kicad_pcb,89,Net-(H2-Pad27,-2.180950164794922
CubeSatKit_StackBoard.kicad_pcb,90,Net-(H2-Pad24,-2.172353744506836
CubeSatKit_StackBoard.kicad_pcb,91,Net-(H1-Pad35,-2.130368232727051
CubeSatKit_StackBoard.kicad_pcb,92,Net-(H1-Pad39,-2.0888900756835938
CubeSatKit_StackBoard.kicad_pcb,93,Net-(H2-Pad40,-2.129732131958008
CubeSatKit_StackBoard.kicad_pcb,94,Net-(H2-Pad43,-2.089097023010254
CubeSatKit_StackBoard.kicad_pcb,95,Net-(H2-Pad35,-2.159626007080078
CubeSatKit_StackBoard.kicad_pcb,96,Net-(H1-Pad19,-2.1731929779052734
CubeSatKit_StackBoard.kicad_pcb,97,Net-(H2-Pad33,-2.169576644897461
CubeSatKit_StackBoard.kicad_pcb,98,Net-(H2-Pad38,-2.1458520889282227
CubeSatKit_StackBoard.kicad_pcb,99,Net-(H1-Pad18,-2.1639184951782227
CubeSatKit_StackBoard.kicad_pcb,100,Net-(H1-Pad32,-2.158766746520996
CubeSatKit_StackBoard.kicad_pcb,101,Net-(H2-Pad23,-2.1731433868408203
CubeSatKit_StackBoard.kicad_pcb,102,Net-(H2-Pad29,-2.1802291870117188
CubeSatKit_StackBoard.kicad_pcb,103,Net-(H1-Pad22,-2.177823066711426
d1_mini_shield.kicad_pcb,0,/RST,-1.9836292266845703
d1_mini_shield.kicad_pcb,1,/A0,-1.998727798461914
d1_mini_shield.kicad_pcb,2,/+3.3V,-1.9958887100219727
d1_mini_shield.kicad_pcb,3,/TX,-2.0047407150268555
d1_mini_shield.kicad_pcb,4,/D0,-2.0094470977783203
d1_mini_shield.kicad_pcb,5,/D8,-2.007504463195801
d1_mini_shield.kicad_pcb,6,/D5,-2.0157032012939453
d1_mini_shield.kicad_pcb,7,/RX,-2.019865036010742
d1_mini_shield.kicad_pcb,8,/D7,-2.0147132873535156
d1_mini_shield.kicad_pcb,9,/+5V,-2.017007827758789
d1_mini_shield.kicad_pcb,10,/GND,-2.028635025024414
d1_mini_shield.kicad_pcb,11,/D6,-2.0174694061279297
d1_mini_shield.kicad_pcb,12,/D1,-2.0305795669555664
d1_mini_shield.kicad_pcb,13,/D2,-2.036832809448242
d1_mini_shield.kicad_pcb,14,/D4,-2.0358362197875977
d1_mini_shield.kicad_pcb,15,/D3,-2.038588523864746
demofile.kicad_pcb,0,GND,41.348751068115234
demofile.kicad_pcb,1,Net-(D2-A,42.61355209350586
demofile.kicad_pcb,2,VCC,42.93378448486328
ESP-Sensors.kicad_pcb,0,VCC,93.39940643310547
ESP-Sensors.kicad_pcb,1,GND,154.57371520996094
ESP-Sensors.kicad_pcb,2,/MISO,73.61556243896484
ESP-Sensors.kicad_pcb,3,/GPIO13,73.9154052734375
ESP-Sensors.kicad_pcb,4,/GPIO12,73.59960174560547
ESP-Sensors.kicad_pcb,5,Net-(C1-Pad1,69.59326934814453
ESP-Sensors.kicad_pcb,6,/GPIO14,77.25404357910156
ESP-Sensors.kicad_pcb,7,/SLCK,71.50208282470703
ESP-Sensors.kicad_pcb,8,/CS0,69.46366119384766
ESP-Sensors.kicad_pcb,9,/GPIO0,65.51353454589844
ESP-Sensors.kicad_pcb,10,/MOSI,65.74036407470703
ESP-Sensors.kicad_pcb,11,/ANALOG_IN,72.24740600585938
ESP-Sensors.kicad_pcb,12,/GPIO15,58.64960861206055
ESP-Sensors.kicad_pcb,13,/GPIO9,53.445884704589844
ESP-Sensors.kicad_pcb,14,/GPIO10,53.47279739379883
ESP-Sensors.kicad_pcb,15,/GPIO4,43.027488708496094
ESP-Sensors.kicad_pcb,16,/GPIO2,37.15701675415039
ESP-Sensors.kicad_pcb,17,Net-(R1-Pad1,18.23769760131836
ESP-Sensors.kicad_pcb,18,/RXD,24.064464569091797
ESP-Sensors.kicad_pcb,19,Net-(J4-Pad1,19.794137954711914
ESP-Sensors.kicad_pcb,20,Net-(10K1-Pad2,48.4247932434082
ESP-Sensors.kicad_pcb,21,/GPIO5,47.0187873840332
ESP-Sensors.kicad_pcb,22,Net-(J5-Pad1,17.239913940429688
ESP-Sensors.kicad_pcb,23,/TXD,20.103422164916992
Explorer.kicad_pcb,0,Net-(U1-VSENSE,16.858800888061523
Explorer.kicad_pcb,1,Net-(D4-A,9.51984977722168
Explorer.kicad_pcb,2,/Sensors/AAF_NN,74.94462585449219
Explorer.kicad_pcb,3,/MCU Controller/RS232F_RXD,45.62453842163086
Explorer.kicad_pcb,4,Net-(U19A--,18.31064796447754
Explorer.kicad_pcb,5,Net-(C51-Pad1,16.579164505004883
Explorer.kicad_pcb,6,unconnected-(U8-D_SEL-Pad2,0.2996329665184021
Explorer.kicad_pcb,7,unconnected-(U11-PB15-Pad28,0.16121095418930054
Explorer.kicad_pcb,8,Net-(C52-Pad1,16.57742691040039
Explorer.kicad_pcb,9,unconnected-(U8-RESERVED-Pad14,0.09492487460374832
Explorer.kicad_pcb,10,/MCU Controller/MEMS_INT1,16.634572982788086
Explorer.kicad_pcb,11,/Sensors/AAF_ZN,37.13676452636719
Explorer.kicad_pcb,12,/MCU Controller/MCU_SCLK,20.419273376464844
Explorer.kicad_pcb,13,Net-(U18B--,17.834484100341797
Explorer.kicad_pcb,14,GNDA,362.2340393066406
Explorer.kicad_pcb,15,/MCU Controller/SAMP_RATE_B2,22.54424476623535
Explorer.kicad_pcb,16,/Sensors/EHE,63.797908782958984
Explorer.kicad_pcb,17,/MCU Controller/D+3V3,271.9288024902344
Explorer.kicad_pcb,18,unconnected-(J8-Pad4,-0.17847448587417603
Explorer.kicad_pcb,19,Net-(U3-EN,14.86843204498291
Explorer.kicad_pcb,20,Net-(U22-AIN9,14.532297134399414
Explorer.kicad_pcb,21,Net-(U22-AIN6,14.379409790039062
Explorer.kicad_pcb,22,unconnected-(U8-SCL{slash}SPI_CLK-Pad19,-0.12252240628004074
Explorer.kicad_pcb,23,Net-(C54-Pad1,24.40956687927246
Explorer.kicad_pcb,24,Net-(JP1-A,17.853097915649414
Explorer.kicad_pcb,25,Net-(D23-A,8.432159423828125
Explorer.kicad_pcb,26,/MCU Controller/BAUD_RATE_B1,32.41391372680664
Explorer.kicad_pcb,27,unconnected-(J8-Pad7,0.0010375455021858215
Explorer.kicad_pcb,28,Net-(U4-OUT,18.198022842407227
Explorer.kicad_pcb,29,/Sensors/EHZ_LP,69.07666015625
Explorer.kicad_pcb,30,/MCU Controller/RS232M_RXD,65.33165740966797
Explorer.kicad_pcb,31,unconnected-(U8-SDA{slash}~{SPI_CS}-Pad18,-0.11188416928052902
Explorer.kicad_pcb,32,Net-(U15A-+,19.346771240234375
Explorer.kicad_pcb,33,/MCU Controller/MCU_RXD,69.88261413574219
Explorer.kicad_pcb,34,/Sensors/AAF_NP,72.77288818359375
Explorer.kicad_pcb,35,/MCU Controller/RS232M_TXD,71.39415740966797
Explorer.kicad_pcb,36,Net-(D10-A2,79.28134155273438
Explorer.kicad_pcb,37,Net-(U2-BP,14.629688262939453
Explorer.kicad_pcb,38,Net-(D8-A2,78.02750396728516
Explorer.kicad_pcb,39,/MCU Controller/OPTIONS_B1,57.292144775390625
Explorer.kicad_pcb,40,unconnected-(J8-Pad6,-0.1548634171485901
Explorer.kicad_pcb,41,/Sensors/PREAMP_ZP,18.596200942993164
Explorer.kicad_pcb,42,unconnected-(U11-PB14-Pad27,0.1609782576560974
Explorer.kicad_pcb,43,Net-(U14B--,14.682733535766602
Explorer.kicad_pcb,44,/MCU Controller/ADC_RESET,30.56801414489746
Explorer.kicad_pcb,45,/MCU Controller/MCU_BOOT0,34.30864334106445
Explorer.kicad_pcb,46,Net-(D16-K,15.113797187805176
Explorer.kicad_pcb,47,/Sensors/EHZ,74.51289367675781
Explorer.kicad_pcb,48,Net-(U13B-+,18.599489212036133
Explorer.kicad_pcb,49,Net-(D1-K,18.29940414428711
Explorer.kicad_pcb,50,unconnected-(J7-Pad7,0.10629457980394363
Explorer.kicad_pcb,51,/Sensors/AAF_EP,59.03407669067383
Explorer.kicad_pcb,52,Net-(JP2-A,31.975616455078125
Explorer.kicad_pcb,53,Net-(D23-K,27.860719680786133
Explorer.kicad_pcb,54,Net-(JP3-A,39.44059371948242
Explorer.kicad_pcb,55,/MCU Controller/GNSS_RXD,28.99442481994629
Explorer.kicad_pcb,56,/MCU Controller/GNSS_TXD,38.56208801269531
Explorer.kicad_pcb,57,Net-(D9-K,19.259197235107422
Explorer.kicad_pcb,58,unconnected-(SW1B-B-Pad5,0.6873721480369568
Explorer.kicad_pcb,59,/Sensors/EHN,52.27701950073242
Explorer.kicad_pcb,60,GNDD,294.86883544921875
Explorer.kicad_pcb,61,Net-(D5-K,15.34503173828125
Explorer.kicad_pcb,62,unconnected-(U9-Pad8,0.5699004530906677
Explorer.kicad_pcb,63,Net-(J2-Pin_4,16.499727249145508
Explorer.kicad_pcb,64,/Sensors/PREAMP_NN,18.960153579711914
Explorer.kicad_pcb,65,/MCU Controller/MCU_BOOT1,17.571271896362305
Explorer.kicad_pcb,66,/MCU Controller/ADC_START,39.63669204711914
Explorer.kicad_pcb,67,Net-(C53-Pad1,16.18276596069336
Explorer.kicad_pcb,68,Net-(D3-A,47.318275451660156
Explorer.kicad_pcb,69,/Power Supply/A+2V5,217.4814910888672
Explorer.kicad_pcb,70,/MCU Controller/MCU_MISO,22.059036254882812
Explorer.kicad_pcb,71,unconnected-(U8-RESERVED-Pad17,0.07691092044115067
Explorer.kicad_pcb,72,/MCU Controller/OPTIONS_B2,57.74467849731445
Explorer.kicad_pcb,73,/Sensors/EHZ_BP,50.09336471557617
Explorer.kicad_pcb,74,Net-(U14A--,16.28428077697754
Explorer.kicad_pcb,75,/MCU Controller/MCU_TXD,82.02714538574219
Explorer.kicad_pcb,76,Net-(D13-A,14.037216186523438
Explorer.kicad_pcb,77,Net-(U12-C2-,17.15192222595215
Explorer.kicad_pcb,78,Net-(U17A--,18.40812110900879
Explorer.kicad_pcb,79,Net-(U14A-+,19.49590301513672
Explorer.kicad_pcb,80,Net-(U17B--,18.274442672729492
Explorer.kicad_pcb,81,/MCU Controller/GNSS_1PPS,20.122215270996094
Explorer.kicad_pcb,82,unconnected-(U8-VDD_USB-Pad7,0.26628202199935913
Explorer.kicad_pcb,83,Net-(U18A--,18.74721908569336
Explorer.kicad_pcb,84,/MCU Controller/MCU_XTAL0,18.495811462402344
Explorer.kicad_pcb,85,/Power Supply/VIN,32.835079193115234
Explorer.kicad_pcb,86,Net-(C55-Pad1,23.14537811279297
Explorer.kicad_pcb,87,/MCU Controller/MCU_SCL,80.83219909667969
Explorer.kicad_pcb,88,/MCU Controller/MCU_SWCLK,15.284086227416992
Explorer.kicad_pcb,89,/MCU Controller/RS232F_TXD,38.10495376586914
Explorer.kicad_pcb,90,unconnected-(J8-Pad5,-0.1059761568903923
Explorer.kicad_pcb,91,unconnected-(J7-Pad4,0.5195273756980896
Explorer.kicad_pcb,92,Net-(U19B--,17.91819190979004
Explorer.kicad_pcb,93,unconnected-(U1-NC-Pad3,0.012852616608142853
Explorer.kicad_pcb,94,/MCU Controller/ROM_WP,28.67401123046875
Explorer.kicad_pcb,95,Net-(U12-C2+,15.5455322265625
Explorer.kicad_pcb,96,/Sensors/ADC_REFOUT,24.442180633544922
Explorer.kicad_pcb,97,Net-(U15B--,15.443071365356445
Explorer.kicad_pcb,98,Net-(U4-EN,24.273914337158203
Explorer.kicad_pcb,99,/Sensors/EHE_LP,58.70091247558594
Explorer.kicad_pcb,100,Net-(U10-DE,16.019847869873047
Explorer.kicad_pcb,101,/MCU Controller/MCU_SDA,77.93728637695312
Explorer.kicad_pcb,102,Net-(U13B--,15.483592987060547
Explorer.kicad_pcb,103,/MCU Controller/MCU_CSEL,19.126853942871094
Explorer.kicad_pcb,104,Net-(U15A--,15.980710983276367
Explorer.kicad_pcb,105,Net-(U13A--,17.092140197753906
Explorer.kicad_pcb,106,/Sensors/AAF_EN,61.2789421081543
Explorer.kicad_pcb,107,Net-(D12-K,14.56484317779541
Explorer.kicad_pcb,108,unconnected-(U8-RESERVED-Pad15,0.09483141452074051
Explorer.kicad_pcb,109,Net-(D1-A,18.417844772338867
Explorer.kicad_pcb,110,Net-(U22-CAPP,16.270994186401367
Explorer.kicad_pcb,111,unconnected-(U16-NC-Pad11,0.07013220340013504
Explorer.kicad_pcb,112,Net-(U4-NR,15.217416763305664
Explorer.kicad_pcb,113,Net-(U22-BYPASS,17.10181427001953
Explorer.kicad_pcb,114,Net-(D3-K,21.700855255126953
Explorer.kicad_pcb,115,Net-(D11-K,14.53192138671875
Explorer.kicad_pcb,116,Net-(D15-K,15.475642204284668
Explorer.kicad_pcb,117,/Power Supply/VCC,89.55348205566406
Explorer.kicad_pcb,118,Net-(BT1-+,30.163288116455078
Explorer.kicad_pcb,119,/Sensors/AAF_ZP,34.14719009399414
Explorer.kicad_pcb,120,unconnected-(J7-Pad8,0.11896509677171707
Explorer.kicad_pcb,121,/Sensors/PREAMP_EP,18.18194007873535
Explorer.kicad_pcb,122,unconnected-(U8-USB_DP-Pad6,0.2661284804344177
Explorer.kicad_pcb,123,Net-(U18A-+,14.254322052001953
Explorer.kicad_pcb,124,Net-(U12-C1-,24.324569702148438
Explorer.kicad_pcb,125,/MCU Controller/OPTIONS_B3,53.05385971069336
Explorer.kicad_pcb,126,/MCU Controller/MCU_MOSI,22.99655532836914
Explorer.kicad_pcb,127,Net-(U3-SW,16.91250228881836
Explorer.kicad_pcb,128,/Sensors/PREAMP_EN,19.485334396362305
Explorer.kicad_pcb,129,/Sensors/EHN_LP,39.601680755615234
Explorer.kicad_pcb,130,/Power Supply/A-2V5,270.8215637207031
Explorer.kicad_pcb,131,Net-(J2-Pin_3,17.28369140625
Explorer.kicad_pcb,132,Net-(U9-Pad2,-4.419336318969727
Explorer.kicad_pcb,133,Net-(D14-K,15.985739707946777
Explorer.kicad_pcb,134,Net-(U8-RF_IN,17.068124771118164
Explorer.kicad_pcb,135,/Sensors/EHE_BP,33.49246597290039
Explorer.kicad_pcb,136,unconnected-(U8-RESERVED-Pad16,0.07614511996507645
Explorer.kicad_pcb,137,Net-(D6-A,13.019742965698242
Explorer.kicad_pcb,138,/MCU Controller/GNSS_RESET,54.5860481262207
Explorer.kicad_pcb,139,/Sensors/EHN_BP,23.51018524169922
Explorer.kicad_pcb,140,/MCU Controller/MEMS_INT2,14.800140380859375
Explorer.kicad_pcb,141,/MCU Controller/MCU_STATE,16.216005325317383
Explorer.kicad_pcb,142,unconnected-(U11-PB13-Pad26,0.13458150625228882
Explorer.kicad_pcb,143,unconnected-(U11-PC15-Pad4,0.507133424282074
Explorer.kicad_pcb,144,Net-(U13A-+,19.509262084960938
Explorer.kicad_pcb,145,Net-(U12-VS-,19.251468658447266
Explorer.kicad_pcb,146,unconnected-(U9-Pad10,0.4806308150291443
Explorer.kicad_pcb,147,unconnected-(J1-Pad3,0.5838822722434998
Explorer.kicad_pcb,148,/MCU Controller/BAUD_RATE_B2,31.548906326293945
Explorer.kicad_pcb,149,/Sensors/PREAMP_ZN,19.80109405517578
Explorer.kicad_pcb,150,unconnected-(U9-Pad12,0.278469979763031
Explorer.kicad_pcb,151,Net-(R19-Pad1,23.86679458618164
Explorer.kicad_pcb,152,/Sensors/PREAMP_NP,17.796066284179688
Explorer.kicad_pcb,153,unconnected-(U1-NC-Pad2,-0.11818128079175949
Explorer.kicad_pcb,154,Net-(U22-CAPN,16.046321868896484
Explorer.kicad_pcb,155,Net-(U3-FB,17.367664337158203
Explorer.kicad_pcb,156,Net-(C33-Pad1,7.869007110595703
Explorer.kicad_pcb,157,unconnected-(U1-EN-Pad5,0.6228808760643005
Explorer.kicad_pcb,158,Net-(U1-BOOT,14.928643226623535
Explorer.kicad_pcb,159,/MCU Controller/SAMP_RATE_B1,22.7980899810791
Explorer.kicad_pcb,160,Net-(C56-Pad1,23.949745178222656
Explorer.kicad_pcb,161,Net-(Y1-OUT,15.186078071594238
Explorer.kicad_pcb,162,Net-(U11-NRST,51.462581634521484
Explorer.kicad_pcb,163,GND,57.13882064819336
Explorer.kicad_pcb,164,unconnected-(SW1B-C-Pad6,0.6017007231712341
Explorer.kicad_pcb,165,/MCU Controller/ADC_DRDY,47.70772171020508
Explorer.kicad_pcb,166,Net-(U12-VS+,19.24292755126953
Explorer.kicad_pcb,167,unconnected-(U6-NC-Pad1,1.076253890991211
Explorer.kicad_pcb,168,Net-(U17A-+,14.171274185180664
Explorer.kicad_pcb,169,unconnected-(U8-EXTINT-Pad4,0.21454519033432007
Explorer.kicad_pcb,170,Net-(U12-C1+,25.332077026367188
Explorer.kicad_pcb,171,/MCU Controller/MCU_SWDIO,15.272218704223633
Explorer.kicad_pcb,172,Net-(J3-In,25.822233200073242
Explorer.kicad_pcb,173,Net-(U10-RO,18.532838821411133
Explorer.kicad_pcb,174,Net-(U19A-+,14.33339786529541
Explorer.kicad_pcb,175,unconnected-(J8-Pad9,-0.34787946939468384
Explorer.kicad_pcb,176,unconnected-(U8-USB_DM-Pad5,0.2253207564353943
Explorer.kicad_pcb,177,unconnected-(Y1-OE-Pad1,0.27507680654525757
Explorer.kicad_pcb,178,Net-(U3-VCC,16.20193099975586
Explorer.kicad_pcb,179,unconnected-(J8-Pad8,-0.2877236008644104
Explorer.kicad_pcb,180,unconnected-(U11-PD1-Pad6,0.42210572957992554
Explorer.kicad_pcb,181,unconnected-(SW1A-C-Pad3,0.5948075652122498
Explorer.kicad_pcb,182,Net-(U22-AIN7,14.392627716064453
Explorer.kicad_pcb,183,Net-(U3-BST,14.279876708984375
Explorer.kicad_pcb,184,Net-(U16-CS,14.466475486755371
Explorer.kicad_pcb,185,Net-(U22-AIN8,14.558982849121094
Explorer.kicad_pcb,186,unconnected-(J7-Pad1,0.08916182070970535
Explorer.kicad_pcb,187,unconnected-(U11-PC14-Pad3,0.505673348903656
Explorer.kicad_pcb,188,unconnected-(U6-NC-Pad2,0.9437894225120544
Explorer.kicad_pcb,189,Net-(U15B-+,18.04965591430664
Explorer.kicad_pcb,190,unconnected-(U16-SCX-Pad3,0.06977648288011551
Explorer.kicad_pcb,191,Net-(C16-Pad1,0.454521119594574
Explorer.kicad_pcb,192,unconnected-(U11-PB5-Pad41,0.5133714079856873
Explorer.kicad_pcb,193,Net-(U22-AINCOM,14.389913558959961
Explorer.kicad_pcb,194,unconnected-(U22-XTAL2-Pad16,0.07930750399827957
Explorer.kicad_pcb,195,unconnected-(U16-SDX-Pad2,0.07686800509691238
Explorer.kicad_pcb,196,unconnected-(J7-Pad9,0.4840087294578552
Explorer.kicad_pcb,197,unconnected-(U16-NC-Pad10,0.0701560452580452
Explorer.kicad_pcb,198,Net-(U14B-+,17.534502029418945
Explorer.kicad_pcb,199,Net-(U8-VCC_RF,28.716690063476562
Explorer.kicad_pcb,200,unconnected-(J7-Pad6,0.2500876784324646
Explorer.kicad_pcb,201,unconnected-(SW1B-A-Pad4,0.6265525221824646
Explorer.kicad_pcb,202,unconnected-(U8-~{SAFEBOOT}-Pad1,0.28572267293930054
GettingToBlinky.kicad_pcb,0,/VDD,45.04349136352539
GettingToBlinky.kicad_pcb,1,GND,34.667049407958984
GettingToBlinky.kicad_pcb,2,Net-(C1-Pad1,29.204179763793945
GettingToBlinky.kicad_pcb,3,Net-(R1-Pad2,21.15087127685547
GettingToBlinky.kicad_pcb,4,Net-(R3-Pad1,17.788970947265625
GettingToBlinky.kicad_pcb,5,Net-(D1-Pad2,13.547721862792969
GettingToBlinky.kicad_pcb,6,Net-(U1-Pad5,-0.3122015595436096
Jamma_rgbuntu_xbox360.kicad_pcb,0,/P2_B5,157.98056030273438
Jamma_rgbuntu_xbox360.kicad_pcb,1,/GND,424.7931823730469
Jamma_rgbuntu_xbox360.kicad_pcb,2,/P2_Y_B4,144.66188049316406
Jamma_rgbuntu_xbox360.kicad_pcb,3,/USB_PICO1_VCC,18.76974868774414
Jamma_rgbuntu_xbox360.kicad_pcb,4,/P2_HOME,26.04934310913086
Jamma_rgbuntu_xbox360.kicad_pcb,5,unconnected-(U2-PadTP4,-7.045881748199463
Jamma_rgbuntu_xbox360.kicad_pcb,6,/P1_X_B3,285.03228759765625
Jamma_rgbuntu_xbox360.kicad_pcb,7,/P1_DPAD_DOWN,246.34011840820312
Jamma_rgbuntu_xbox360.kicad_pcb,8,/P1_B_B2,275.4537658691406
Jamma_rgbuntu_xbox360.kicad_pcb,9,/P1_B5,193.46414184570312
Jamma_rgbuntu_xbox360.kicad_pcb,10,/P2_TLB_B9,-8.694083213806152
Jamma_rgbuntu_xbox360.kicad_pcb,11,/P1_LT,95.4661636352539
Jamma_rgbuntu_xbox360.kicad_pcb,12,/P1_START_B8,186.50242614746094
Jamma_rgbuntu_xbox360.kicad_pcb,13,unconnected-(J9-Pad8,-8.826566696166992
Jamma_rgbuntu_xbox360.kicad_pcb,14,unconnected-(U1-Pad35,-6.752435684204102
Jamma_rgbuntu_xbox360.kicad_pcb,15,/P1_Y_B4,170.21420288085938
Jamma_rgbuntu_xbox360.kicad_pcb,16,unconnected-(J9-PadR,-9.16477108001709
Jamma_rgbuntu_xbox360.kicad_pcb,17,/P2_A_B1,153.1204376220703
Jamma_rgbuntu_xbox360.kicad_pcb,18,unconnected-(U1-Pad33,-7.043980598449707
Jamma_rgbuntu_xbox360.kicad_pcb,19,unconnected-(U1-Pad27,-7.5461626052856445
Jamma_rgbuntu_xbox360.kicad_pcb,20,/P2_DPAD_LEFT,152.78945922851562
Jamma_rgbuntu_xbox360.kicad_pcb,21,/P2_DPAD_DOWN,154.20892333984375
Jamma_rgbuntu_xbox360.kicad_pcb,22,/P2_DPAD_UP,153.6864776611328
Jamma_rgbuntu_xbox360.kicad_pcb,23,/P1_DPAD_LEFT,253.30845642089844
Jamma_rgbuntu_xbox360.kicad_pcb,24,/P2_B_B2,152.86050415039062
Jamma_rgbuntu_xbox360.kicad_pcb,25,/P1_JAMMA_B6_GND,21.94336700439453
Jamma_rgbuntu_xbox360.kicad_pcb,26,unconnected-(U1-PadTP5,-8.158183097839355
Jamma_rgbuntu_xbox360.kicad_pcb,27,unconnected-(U1-Pad32,-7.046510219573975
Jamma_rgbuntu_xbox360.kicad_pcb,28,/P1_DPAD_UP,239.77635192871094
Jamma_rgbuntu_xbox360.kicad_pcb,29,unconnected-(J9-PadN,-8.931365966796875
Jamma_rgbuntu_xbox360.kicad_pcb,30,/P1_R_B6,93.6321792602539
Jamma_rgbuntu_xbox360.kicad_pcb,31,unconnected-(U2-Pad32,-8.062829971313477
Jamma_rgbuntu_xbox360.kicad_pcb,32,unconnected-(J9-Pad5,-9.047637939453125
Jamma_rgbuntu_xbox360.kicad_pcb,33,/P1_A_B1,267.2978820800781
Jamma_rgbuntu_xbox360.kicad_pcb,34,/P2_L_B5,41.743919372558594
Jamma_rgbuntu_xbox360.kicad_pcb,35,unconnected-(U2-Pad37,-7.660621166229248
Jamma_rgbuntu_xbox360.kicad_pcb,36,/P2_DPAD_RIGHT,158.3740997314453
Jamma_rgbuntu_xbox360.kicad_pcb,37,unconnected-(J9-Pad4,-9.251445770263672
Jamma_rgbuntu_xbox360.kicad_pcb,38,/P1_TLB_B9,-8.044736862182617
Jamma_rgbuntu_xbox360.kicad_pcb,39,/P2_LT,44.72562026977539
Jamma_rgbuntu_xbox360.kicad_pcb,40,/P2_B6,145.4087371826172
Jamma_rgbuntu_xbox360.kicad_pcb,41,/P1_L_B5,100.34871673583984
Jamma_rgbuntu_xbox360.kicad_pcb,42,/P2_JAMMA_B6_GND,19.33172607421875
Jamma_rgbuntu_xbox360.kicad_pcb,43,/P1_B6,158.86598205566406
Jamma_rgbuntu_xbox360.kicad_pcb,44,unconnected-(U2-Pad27,-8.34701919555664
Jamma_rgbuntu_xbox360.kicad_pcb,45,unconnected-(J9-Pad9,-8.828943252563477
Jamma_rgbuntu_xbox360.kicad_pcb,46,/PICO2_D+,22.745624542236328
Jamma_rgbuntu_xbox360.kicad_pcb,47,/SPK-,54.478206634521484
Jamma_rgbuntu_xbox360.kicad_pcb,48,/P2_RT,41.164154052734375
Jamma_rgbuntu_xbox360.kicad_pcb,49,unconnected-(J9-Pad12,-8.931366920471191
Jamma_rgbuntu_xbox360.kicad_pcb,50,unconnected-(J9-Pad13,-8.931565284729004
Jamma_rgbuntu_xbox360.kicad_pcb,51,unconnected-(J9-PadC,-9.760522842407227
Jamma_rgbuntu_xbox360.kicad_pcb,52,unconnected-(J9-Pad14,-9.16477108001709
Jamma_rgbuntu_xbox360.kicad_pcb,53,unconnected-(U1-PadTP6,-6.475727081298828
Jamma_rgbuntu_xbox360.kicad_pcb,54,/PICO2_D-,16.797805786132812
Jamma_rgbuntu_xbox360.kicad_pcb,55,unconnected-(U2-Pad31,-8.434284210205078
Jamma_rgbuntu_xbox360.kicad_pcb,56,/+12V,82.30531311035156
Jamma_rgbuntu_xbox360.kicad_pcb,57,unconnected-(U1-Pad34,-6.729812145233154
Jamma_rgbuntu_xbox360.kicad_pcb,58,/P1_DPAD_RIGHT,260.31439208984375
Jamma_rgbuntu_xbox360.kicad_pcb,59,/PICO1_D+,20.47994613647461
Jamma_rgbuntu_xbox360.kicad_pcb,60,unconnected-(J9-Pad3,-9.760516166687012
Jamma_rgbuntu_xbox360.kicad_pcb,61,/P1_TRB_B10,-8.047243118286133
Jamma_rgbuntu_xbox360.kicad_pcb,62,unconnected-(J9-Pad11,-8.73649787902832
Jamma_rgbuntu_xbox360.kicad_pcb,63,unconnected-(U2-PadTP6,-7.603293418884277
Jamma_rgbuntu_xbox360.kicad_pcb,64,/P1_RT,83.1912841796875
Jamma_rgbuntu_xbox360.kicad_pcb,65,/SPK+,57.622520446777344
Jamma_rgbuntu_xbox360.kicad_pcb,66,unconnected-(J9-Pad15,-9.145390510559082
Jamma_rgbuntu_xbox360.kicad_pcb,67,/P2_X_B3,141.7031707763672
Jamma_rgbuntu_xbox360.kicad_pcb,68,unconnected-(U2-Pad35,-7.6541571617126465
Jamma_rgbuntu_xbox360.kicad_pcb,69,/P1_HOME,49.63761520385742
Jamma_rgbuntu_xbox360.kicad_pcb,70,unconnected-(U2-PadD3,-8.598503112792969
Jamma_rgbuntu_xbox360.kicad_pcb,71,unconnected-(U1-Pad37,-8.044626235961914
Jamma_rgbuntu_xbox360.kicad_pcb,72,unconnected-(U2-Pad36,-7.6684112548828125
Jamma_rgbuntu_xbox360.kicad_pcb,73,/PICO1_D-,17.355632781982422
Jamma_rgbuntu_xbox360.kicad_pcb,74,unconnected-(U1-PadD1,-7.968654632568359
Jamma_rgbuntu_xbox360.kicad_pcb,75,unconnected-(J9-PadJ,-8.826568603515625
Jamma_rgbuntu_xbox360.kicad_pcb,76,/USB_SHIELD,75.45555114746094
Jamma_rgbuntu_xbox360.kicad_pcb,77,/P2_R_B6,41.731510162353516
Jamma_rgbuntu_xbox360.kicad_pcb,78,unconnected-(U2-Pad1,-7.400896072387695
Jamma_rgbuntu_xbox360.kicad_pcb,79,unconnected-(U2-PadD1,-8.286300659179688
Jamma_rgbuntu_xbox360.kicad_pcb,80,unconnected-(J9-PadM,-8.73649787902832
Jamma_rgbuntu_xbox360.kicad_pcb,81,/P2_COIN_B7,59.90928649902344
Jamma_rgbuntu_xbox360.kicad_pcb,82,unconnected-(U2-Pad30,-8.228172302246094
Jamma_rgbuntu_xbox360.kicad_pcb,83,/P2_START_B8,119.81285095214844
Jamma_rgbuntu_xbox360.kicad_pcb,84,unconnected-(U2-PadTP5,-6.703107833862305
Jamma_rgbuntu_xbox360.kicad_pcb,85,unconnected-(U1-Pad1,-8.417884826660156
Jamma_rgbuntu_xbox360.kicad_pcb,86,unconnected-(U1-PadTP4,-9.047958374023438
Jamma_rgbuntu_xbox360.kicad_pcb,87,/P1_COIN_B7,54.2135009765625
Jamma_rgbuntu_xbox360.kicad_pcb,88,unconnected-(J9-PadD,-9.251447677612305
Jamma_rgbuntu_xbox360.kicad_pcb,89,unconnected-(U2-Pad29,-8.424530029296875
Jamma_rgbuntu_xbox360.kicad_pcb,90,unconnected-(J9-PadS,-9.14538860321045
Jamma_rgbuntu_xbox360.kicad_pcb,91,unconnected-(J9-PadK,-8.828936576843262
Jamma_rgbuntu_xbox360.kicad_pcb,92,unconnected-(U1-Pad20,-8.261207580566406
Jamma_rgbuntu_xbox360.kicad_pcb,93,unconnected-(U1-PadD3,-8.103902816772461
Jamma_rgbuntu_xbox360.kicad_pcb,94,unconnected-(U2-Pad34,-7.678716659545898
Jamma_rgbuntu_xbox360.kicad_pcb,95,unconnected-(J9-PadE,-9.047632217407227
Jamma_rgbuntu_xbox360.kicad_pcb,96,unconnected-(U1-Pad29,-7.5450849533081055
Jamma_rgbuntu_xbox360.kicad_pcb,97,unconnected-(U2-Pad20,-7.774347305297852
Jamma_rgbuntu_xbox360.kicad_pcb,98,/USB_PICO2_VCC,13.858455657958984
Jamma_rgbuntu_xbox360.kicad_pcb,99,unconnected-(U1-Pad30,-7.050231456756592
Jamma_rgbuntu_xbox360.kicad_pcb,100,unconnected-(U1-Pad31,-7.048582553863525
Jamma_rgbuntu_xbox360.kicad_pcb,101,unconnected-(J9-PadP,-8.931568145751953
Jamma_rgbuntu_xbox360.kicad_pcb,102,unconnected-(U2-Pad2,-7.381553649902344
Jamma_rgbuntu_xbox360.kicad_pcb,103,unconnected-(U2-Pad19,-7.782295227050781
Jamma_rgbuntu_xbox360.kicad_pcb,104,unconnected-(U1-Pad36,-7.174534797668457
Jamma_rgbuntu_xbox360.kicad_pcb,105,unconnected-(U1-Pad19,-8.265347480773926
Jamma_rgbuntu_xbox360.kicad_pcb,106,unconnected-(U1-Pad39,-7.867668151855469
Jamma_rgbuntu_xbox360.kicad_pcb,107,unconnected-(U1-Pad2,-8.401447296142578
Jamma_rgbuntu_xbox360.kicad_pcb,108,unconnected-(U2-Pad39,-8.24990463256836
Jamma_rgbuntu_xbox360.kicad_pcb,109,unconnected-(U2-Pad33,-7.717854022979736
Jamma_rgbuntu_xbox360.kicad_pcb,110,/P2_TRB_B10,-8.695734024047852
Prototyping_PCB.kicad_pcb,0,VCC,64.66505432128906
Prototyping_PCB.kicad_pcb,1,Net-(C7-Pad1,42.92135238647461
Prototyping_PCB.kicad_pcb,2,Net-(C1-Pad+,54.956146240234375
Prototyping_PCB.kicad_pcb,3,GND,92.19491577148438
Prototyping_PCB.kicad_pcb,4,Net-(P4-Pad2,27.38439178466797
Prototyping_PCB.kicad_pcb,5,Net-(P3-Pad1,43.55198287963867
Prototyping_PCB.kicad_pcb,6,MIXOUTA,44.258243560791016
Prototyping_PCB.kicad_pcb,7,Net-(P3-Pad2,35.819557189941406
Prototyping_PCB.kicad_pcb,8,Net-(C13-Pad+,42.1030158996582
Prototyping_PCB.kicad_pcb,9,Net-(P5-Pad1,37.2131462097168
Prototyping_PCB.kicad_pcb,10,Net-(P6-Pad1,35.42736053466797
Prototyping_PCB.kicad_pcb,11,Net-(P4-Pad1,31.833927154541016
Prototyping_PCB.kicad_pcb,12,Net-(R11-Pad2,44.42393112182617
Prototyping_PCB.kicad_pcb,13,Net-(P2-Pad2,31.34686279296875
Prototyping_PCB.kicad_pcb,14,Net-(R11-Pad1,24.202041625976562
Prototyping_PCB.kicad_pcb,15,Net-(C7-Pad2,40.3019905090332
Prototyping_PCB.kicad_pcb,16,Net-(P6-Pad2,31.324831008911133
Prototyping_PCB.kicad_pcb,17,Net-(P5-Pad2,30.353425979614258
Prototyping_PCB.kicad_pcb,18,Net-(D2-Pad1,22.36284637451172
Prototyping_PCB.kicad_pcb,19,MIX1,34.526309967041016
Prototyping_PCB.kicad_pcb,20,MIXOUTB,27.459609985351562
Prototyping_PCB.kicad_pcb,21,Net-(P1-Pad2,27.405696868896484
Prototyping_PCB.kicad_pcb,22,Net-(P2-Pad1,36.473445892333984
Prototyping_PCB.kicad_pcb,23,Net-(P4-Pad3,19.93140411376953
Prototyping_PCB.kicad_pcb,24,Net-(C13-Pad-,31.659934997558594
Prototyping_PCB.kicad_pcb,25,Net-(D2-Pad2,23.562171936035156
Prototyping_PCB.kicad_pcb,26,Net-(P1-Pad1,32.01874923706055
Prototyping_PCB.kicad_pcb,27,Net-(P5-Pad3,21.15458869934082
Prototyping_PCB.kicad_pcb,28,MIX3,24.11620330810547
Prototyping_PCB.kicad_pcb,29,MIX2,29.00496482849121
Prototyping_PCB.kicad_pcb,30,Net-(C5-Pad1,20.706562042236328
Prototyping_PCB.kicad_pcb,31,Net-(C4-Pad1,20.705341339111328
Prototyping_PCB.kicad_pcb,32,Net-(P6-Pad3,25.113096237182617
Prototyping_PCB.kicad_pcb,33,Net-(D1-Pad1,22.235742568969727
Prototyping_PCB.kicad_pcb,34,Net-(C3-Pad1,20.39017677307129
Prototyping_PCB.kicad_pcb,35,Net-(P1-Pad3,20.531810760498047
Prototyping_PCB.kicad_pcb,36,MIX4,20.886308670043945
Prototyping_PCB.kicad_pcb,37,Net-(P3-Pad3,24.662540435791016
Prototyping_PCB.kicad_pcb,38,Net-(C2-Pad1,19.976560592651367
Prototyping_PCB.kicad_pcb,39,Net-(P2-Pad3,23.43151092529297
Prototyping_PCB.kicad_pcb,40,Net-(S7-Pad1,1.9983863830566406
scart_duplicator.kicad_pcb,0,/AUDIO_RIGHT,126.13155364990234
scart_duplicator.kicad_pcb,1,Net-(U1-CH2IN,38.63603973388672
scart_duplicator.kicad_pcb,2,+5V,120.91891479492188
scart_duplicator.kicad_pcb,3,GND,293.0890808105469
scart_duplicator.kicad_pcb,4,Net-(J3-P16,53.98876953125
scart_duplicator.kicad_pcb,5,/SWITCHING,94.91694641113281
scart_duplicator.kicad_pcb,6,/G_OUT2,30.246395111083984
scart_duplicator.kicad_pcb,7,Net-(C6-Pad1,21.394760131835938
scart_duplicator.kicad_pcb,8,Net-(D1-A,43.453697204589844
scart_duplicator.kicad_pcb,9,Net-(U1-CH2OUT,46.082366943359375
scart_duplicator.kicad_pcb,10,unconnected-(USB1-B5_cc2-Pad4,3.1955692768096924
scart_duplicator.kicad_pcb,11,/R_OUT1,29.204641342163086
scart_duplicator.kicad_pcb,12,/CSYNC_OUT2,50.18155288696289
scart_duplicator.kicad_pcb,13,Net-(U1-CH4IN,34.37297821044922
scart_duplicator.kicad_pcb,14,/AUDIO_GND,115.46525573730469
scart_duplicator.kicad_pcb,15,/AUDIO_LEFT,126.0545425415039
scart_duplicator.kicad_pcb,16,Net-(C7-Pad1,21.39621353149414
scart_duplicator.kicad_pcb,17,Net-(U1-CH1OUT,53.700565338134766
scart_duplicator.kicad_pcb,18,Net-(JP1-C,67.14336395263672
scart_duplicator.kicad_pcb,19,unconnected-(J3-P20-Pad20,2.9680354595184326
scart_duplicator.kicad_pcb,20,/B_OUT1,47.11211013793945
scart_duplicator.kicad_pcb,21,Net-(U1-CH4OUT,53.70317459106445
scart_duplicator.kicad_pcb,22,Net-(U1-CH3IN,35.9969367980957
scart_duplicator.kicad_pcb,23,unconnected-(J2-P14-Pad14,3.9877309799194336
scart_duplicator.kicad_pcb,24,unconnected-(J3-P12-Pad12,3.7815608978271484
scart_duplicator.kicad_pcb,25,unconnected-(J3-P2-Pad2,4.027033805847168
scart_duplicator.kicad_pcb,26,/CSYNC_OUT1,26.48794937133789
scart_duplicator.kicad_pcb,27,/CSYNC_IN,31.997329711914062
scart_duplicator.kicad_pcb,28,/B_IN,32.37543869018555
scart_duplicator.kicad_pcb,29,Net-(C9-Pad1,21.430927276611328
scart_duplicator.kicad_pcb,30,Net-(U1-CH3OUT,46.08342361450195
scart_duplicator.kicad_pcb,31,/R_OUT2,30.421531677246094
scart_duplicator.kicad_pcb,32,unconnected-(J1-P12-Pad12,3.6421139240264893
scart_duplicator.kicad_pcb,33,Net-(J2-P16,32.87650680541992
scart_duplicator.kicad_pcb,34,Net-(C11-Pad1,21.50684928894043
scart_duplicator.kicad_pcb,35,Net-(C12-Pad1,21.51822280883789
scart_duplicator.kicad_pcb,36,unconnected-(J1-P16-Pad16,3.4989407062530518
scart_duplicator.kicad_pcb,37,Net-(C13-Pad1,21.5207462310791
scart_duplicator.kicad_pcb,38,Net-(C8-Pad1,21.408924102783203
scart_duplicator.kicad_pcb,39,unconnected-(U1-NC-Pad8,4.047247886657715
scart_duplicator.kicad_pcb,40,Net-(C10-Pad1,21.48946762084961
scart_duplicator.kicad_pcb,41,unconnected-(J2-P10-Pad10,3.8107528686523438
scart_duplicator.kicad_pcb,42,unconnected-(USB1-A5_cc1-Pad3,3.1947386264801025
scart_duplicator.kicad_pcb,43,unconnected-(J1-P3-Pad3,3.2893829345703125
scart_duplicator.kicad_pcb,44,/B_OUT2,28.052101135253906
scart_duplicator.kicad_pcb,45,/G_OUT1,29.176345825195312
scart_duplicator.kicad_pcb,46,unconnected-(J2-P20-Pad20,4.039959907531738
scart_duplicator.kicad_pcb,47,unconnected-(J1-P14-Pad14,3.6345789432525635
scart_duplicator.kicad_pcb,48,Net-(U1-CH1IN,41.05497741699219
scart_duplicator.kicad_pcb,49,/G_IN,31.150243759155273
scart_duplicator.kicad_pcb,50,unconnected-(J3-P6-Pad6,3.9861080646514893
scart_duplicator.kicad_pcb,51,unconnected-(U1-NC-Pad7,4.029352188110352
scart_duplicator.kicad_pcb,52,unconnected-(J1-P1-Pad1,3.0791802406311035
scart_duplicator.kicad_pcb,53,unconnected-(J1-P19-Pad19,3.511094331741333
scart_duplicator.kicad_pcb,54,/R_IN,30.377994537353516
scart_duplicator.kicad_pcb,55,unconnected-(J1-P10-Pad10,3.64376163482666
scart_duplicator.kicad_pcb,56,unconnected-(J2-P6-Pad6,3.07157039642334
scart_duplicator.kicad_pcb,57,unconnected-(J3-P14-Pad14,3.6727261543273926
scart_duplicator.kicad_pcb,58,unconnected-(J2-P2-Pad2,2.61967134475708
scart_duplicator.kicad_pcb,59,unconnected-(J2-P12-Pad12,3.843029737472534
scart_duplicator.kicad_pcb,60,unconnected-(J3-P10-Pad10,3.815833330154419
simple.kicad_pcb,0,GND,17.995407104492188
simple.kicad_pcb,1,/HS_P,66.42620086669922
simple.kicad_pcb,2,/HS_N,66.42620086669922
ups-12v.kicad_pcb,0,+VDC,256.4744873046875
ups-12v.kicad_pcb,1,Net-(C5-Pad2,136.1493377685547
ups-12v.kicad_pcb,2,GND,533.7901000976562
ups-12v.kicad_pcb,3,/+12V-OUT,129.5621795654297
ups-12v.kicad_pcb,4,/AC-N,131.90162658691406
ups-12v.kicad_pcb,5,Net-(D1-Pad2,62.823951721191406
ups-12v.kicad_pcb,6,/AC-L,95.67379760742188
ups-12v.kicad_pcb,7,/+VBAT,82.185791015625
ups-12v.kicad_pcb,8,+12V,81.47970581054688
ups-12v.kicad_pcb,9,Net-(Q3-Pad3,66.78366088867188
ups-12v.kicad_pcb,10,+5V,171.8797149658203
ups-12v.kicad_pcb,11,/STATUS-LED1,37.03873825073242
ups-12v.kicad_pcb,12,/B+,67.27998352050781
ups-12v.kicad_pcb,13,Net-(F1-Pad2,23.19397735595703
ups-12v.kicad_pcb,14,Net-(R10-Pad2,223.4333038330078
ups-12v.kicad_pcb,15,Net-(D8-Pad2,42.836692810058594
ups-12v.kicad_pcb,16,/AC-SENSE,42.72417449951172
ups-12v.kicad_pcb,17,/STATUS-LED0,49.813995361328125
ups-12v.kicad_pcb,18,Net-(D12-Pad2,14.009602546691895
ups-12v.kicad_pcb,19,Net-(R5-Pad1,40.63994216918945
ups-12v.kicad_pcb,20,Net-(J2-Pad2,41.16557312011719
ups-12v.kicad_pcb,21,Net-(R17-Pad2,43.66893005371094
ups-12v.kicad_pcb,22,/CHG_FLOAT,10.644628524780273
ups-12v.kicad_pcb,23,+12L,63.76510238647461
ups-12v.kicad_pcb,24,/MCLR,33.339263916015625
ups-12v.kicad_pcb,25,Net-(D3-Pad2,31.227413177490234
ups-12v.kicad_pcb,26,Net-(C1-Pad1,21.643722534179688
ups-12v.kicad_pcb,27,/ADC-IN,27.92915916442871
ups-12v.kicad_pcb,28,Net-(R8-Pad1,21.86138343811035
ups-12v.kicad_pcb,29,/RELAY-DRV,23.08795928955078
ups-12v.kicad_pcb,30,Net-(R3-Pad2,34.014225006103516
ups-12v.kicad_pcb,31,Net-(Q1-Pad1,18.381086349487305
ups-12v.kicad_pcb,32,Net-(D13-Pad2,28.122846603393555
ups-12v.kicad_pcb,33,Net-(D7-Pad2,14.104085922241211
ups-12v.kicad_pcb,34,/PGD,16.870485305786133
ups-12v.kicad_pcb,35,Net-(D9-Pad2,9.552759170532227
ups-12v.kicad_pcb,36,/DEBUG-TX,15.678558349609375
ups-12v.kicad_pcb,37,Net-(D10-Pad1,9.581555366516113
ups-12v.kicad_pcb,38,Net-(D11-Pad1,11.734819412231445
ups-12v.kicad_pcb,39,/PGC,15.15658187866211
ups-12v.kicad_pcb,40,Net-(Q1-Pad2,2.187891960144043
ups-12v.kicad_pcb,41,Net-(D6-Pad2,9.1273193359375
ups-12v.kicad_pcb,42,Net-(D14-Pad2,16.458984375
